{"cameraMode":{"drawMode":0,"name":"Shaded","section":"Shading Mode"},"sceneLighting":false,"audioPlay":false,"sceneViewState":{"showFog":true,"showMaterialUpdate":false,"showSkybox":true,"showFlares":true,"showImageEffects":true,"showParticleSystems":true},"in2DMode":false,"pivot":{"x":4.140000343322754,"y":-9.90999984741211,"z":-4.76837158203125e-7},"rotation":{"x":0.342418909072876,"y":-0.007046419661492109,"z":0.002568294061347842,"w":0.9395182728767395},"size":54.24057388305664,"orthographic":true}