{"cameraMode":{"drawMode":0,"name":"Shaded","section":"Shading Mode"},"sceneLighting":false,"audioPlay":false,"sceneViewState":{"showFog":true,"showMaterialUpdate":false,"showSkybox":true,"showFlares":true,"showImageEffects":true,"showParticleSystems":true},"in2DMode":false,"pivot":{"x":7.4193115234375,"y":-5.716796875,"z":-1.54296875},"rotation":{"x":0.15327534079551698,"y":0.014820733107626439,"z":-0.0023007283452898266,"w":0.9880778789520264},"size":40.36349105834961,"orthographic":true}